Date,Home Team,Home Score,Away Team,Away Score
2022-08-26,Seneca,44,Aurora,8
2022-08-26,Park Hill,68,Battle with Columbia Independent,38
2022-08-26,Principia with Whitfield,7,Bayless,14
2022-08-26,Excelsior Springs,11,Belton,21
2022-08-26,DeSoto,42,Bishop DuBourg with Hancock,12
2022-08-26,Lee's Summit,27,Blue Springs South,52
2022-08-26,Pleasant Hill,47,Boonville,14
2022-08-26,Louisiana,6,Bowling Green,68
2022-08-26,Trenton,29,Brookfield,8
2022-08-26,Ava,37,Buffalo,19
2022-08-26,Savannah,47,California,34
2022-08-26,Lincoln College Prep,41,Cameron,0
2022-08-26,Warrensburg,14,Capital City,24
2022-08-26,McCluer,0,Cardinal Ritter,46
2022-08-26,Fayette,14,Carrollton,6
2022-08-26,Republic,26,Carthage,56
2022-08-26,Poplar Bluff,7,Central (Park Hills),29
2022-08-26,Clever,6,Central (Springfield),32
2022-08-26,Ruskin,14,Central (St. Joseph),49
2022-08-26,Crystal City,43,Chaffee,0
2022-08-26,Lindbergh,28,Chaminade College Prep,26
2022-08-26,Marshall,7,Chillicothe,42
2022-08-26,Scotland County,0,Clark County,56
2022-08-26,Butler,55,Clinton,25
2022-08-26,Wellington-Napoleon,7,Cole Camp,36
2022-08-26,Ash Grove,34,Diamond,7
2022-08-26,Kelly,28,Doniphan,8
2022-08-26,Lift for Life Academy Charter,24,Duchesne,15
2022-08-26,Van Horn,53,East (Kansas City),8
2022-08-26,South Harrison,14,East Buchanan,48
2022-08-26,Forsyth,37,El Dorado Springs,24
2022-08-26,Fulton,20,Eldon,47
2022-08-26,Ft. Zumwalt West,28,Eureka,43
2022-08-26,Grain Valley,14,Fort Osage,33
2022-08-26,Mehlville,7,Fox,26
2022-08-26,Jefferson (Festus),3,Fredericktown,6
2022-08-26,Francis Howell Central,24,Ft. Zumwalt East,21
2022-08-26,Francis Howell,45,Ft. Zumwalt North,0
2022-08-26,Clayton,13,Gateway,26
2022-08-26,William Chrisman,21,Grandview,14
2022-08-26,Palmyra,20,Hallsville,58
2022-08-26,Helias Catholic,31,Hannibal,21
2022-08-26,Cabool,14,Harrisburg,22
2022-08-26,MICDS,37,Harrisonville,2
2022-08-26,Windsor (Imperial),6,Herculaneum,42
2022-08-26,North Kansas City,28,Hickman,0
2022-08-26,Putnam County,55,Highland,36
2022-08-26,Cassville,35,Hollister,26
2022-08-26,Troy Buchanan,34,Holt,20
2022-08-26,Branson,3,Joplin,34
2022-08-26,Hillcrest,0,Kickapoo,49
2022-08-26,Vashon with Miller Career Academy,28,Kirkwood,27
2022-08-26,Versailles,6,Knob Noster,26
2022-08-26,Center,61,Lafayette (St. Joseph),6
2022-08-26,Penney,23,Lafayette County,61
2022-08-26,Lexington,0,Lathrop,39
2022-08-26,Oak Grove,16,Lawson,20
2022-08-26,Liberty,30,Lee's Summit West,0
2022-08-26,Strafford,7,Liberty (Mountain View),42
2022-08-26,Timberland,58,Liberty (Wentzville),14
2022-08-26,Lee's Summit North,7,Liberty North,17
2022-08-26,East Newton,22,Logan-Rogersville,35
2022-08-26,Hazelwood Central,6,Lutheran North,27
2022-08-26,Affton,20,Lutheran South,46
2022-08-26,Kirksville,14,Macon,27
2022-08-26,Lafayette (Wildwood),14,Marquette,21
2022-08-26,Lamar,48,Marshfield,0
2022-08-26,Blair Oaks,54,Maryville,42
2022-08-26,Centralia,26,Mexico,21
2022-08-26,Slater,38,Midway,14
2022-08-26,South Shelby,35,Milan,23
2022-08-26,Mark Twain,8,Monroe City,48
2022-08-26,Hermann,25,Montgomery County,13
2022-08-26,Fair Grove,22,Mountain Grove,41
2022-08-26,McDonald County,7,Mt. Vernon,31
2022-08-26,Willard,72,Neosho,79
2022-08-26,Farmington,22,North County,36
2022-08-26,Gallatin with Tri-County,51,North Platte,16
2022-08-26,Francis Howell North,21,North Point,6
2022-08-26,Benton,49,Northeast (Kansas City),14
2022-08-26,Winnetonka,0,Oak Park,41
2022-08-26,Houston,49,Orchard Farm,8
2022-08-26,Jefferson City,41,Osage,19
2022-08-26,Cuba,0,Owensville,50
2022-08-26,Carl Junction,42,Ozark,21
2022-08-26,St. Francis Borgia,27,Pacific,0
2022-08-26,Rock Bridge,17,Park Hill South,34
2022-08-26,Lebanon,56,Parkview,0
2022-08-26,Parkway South,18,Parkway Central,36
2022-08-26,Hazelwood East,14,Parkway North,21
2022-08-26,Oakville,48,Perryville,0
2022-08-26,Kearney,21,Platte County,14
2022-08-26,Maysville with Winston,70,Plattsburg,6
2022-08-26,St. Clair,14,Potosi,27
2022-08-26,Mid-Buchanan,49,Princeton with Mercer,22
2022-08-26,Rockhurst,26,Raymore-Peculiar,33
2022-08-26,Truman,27,Raytown South,46
2022-08-26,Monett,0,Reeds Spring,20
2022-08-26,Pattonville,22,Ritenour,15
2022-08-26,Camdenton,45,Rolla,0
2022-08-26,Father Tolton,27,Salisbury,26
2022-08-26,Dexter,21,Scott City,43
2022-08-26,Holden,26,Sherwood,20
2022-08-26,Hillsboro,49,Sikeston,14
2022-08-26,St. Mary's South Side,42,SLUH,10
2022-08-26,Moberly,21,Smith-Cotton,22
2022-08-26,Raytown,12,Smithville,35
2022-08-26,Van-Far,22,South Callaway,44
2022-08-26,Odessa,45,Southern Boone,42
2022-08-26,Nevada,62,Springfield Catholic,7
2022-08-26,Central (Cape Girardeau),54,St. Charles,12
2022-08-26,St. Charles West,12,St. Dominic,49
2022-08-26,Salem,0,St. James,42
2022-08-26,Summit Christian Academy,35,St. Michael the Archangel,63
2022-08-26,Brentwood,26,St. Pius X (Festus),16
2022-08-26,Pembroke Hill,0,St. Pius X (Kansas City),27
2022-08-26,Blue Springs,14,Staley,34
2022-08-26,Festus,35,Ste. Genevieve,50
2022-08-26,Marionville,46,Stockton with Sheldon,22
2022-08-26,Northwest (Cedar Hill),7,Sullivan,34
2022-08-26,Crest Ridge with Chilhowee,0,Tipton,42
2022-08-26,Washington,28,Union,29
2022-08-26,Seckman,36,Valle Catholic,61
2022-08-26,Parkway West,30,Vianney,6
2022-08-26,Ft. Zumwalt South,41,Warrenton,12
2022-08-26,Glendale,48,Waynesville,32
2022-08-26,Nixa,42,Webb City,19
2022-08-26,Rockwood Summit,61,Webster Groves,0
2022-08-26,Bolivar,7,West Plains,16
2022-08-26,Polo,30,West Platte,26
2022-08-26,North Callaway,28,Westran,0
2022-08-26,Adrian,55,Windsor,8
2022-08-27,Richmond,61,Central (New Madrid County),27
2022-08-27,East Prairie,7,Charleston,34
2022-08-27,Kennett,36,Hayti,22
2022-08-27,Miller,6,Hogan Prep Academy Charter,24
2022-08-27,St. Vincent,42,Marceline,13
2022-08-27,Soldan International Studies with Sumner,24,McCluer North,34
2022-08-27,Confluence Prep Academy Charter with Grand Center Arts Charter,0,Normandy Collaborative,44
2022-08-27,Grandview (Hillsboro),33,"Paris with Faith Walk, Madison",13
2022-08-27,Hazelwood West,0,Priory,21
2022-08-27,Jennings,22,Roosevelt with Carnahan,14
2022-08-27,University Academy Charter with Ewing Marion Kauffman,16,Southeast,0
2022-08-27,Riverview Gardens,34,University City,42
2022-08-27,Ladue Horton Watkins,64,Westminster Christian Academy,7
2022-09-01,Webb City,47,Carl Junction,7
2022-09-01,Sullivan,38,DeSoto,0
2022-09-01,St. Charles West,35,Francis Howell North,21
2022-09-01,John Burroughs,13,Jennings,8
2022-09-01,Pattonville,14,Kirkwood,42
2022-09-01,McCluer,0,Parkway Central,22
2022-09-01,McCluer North,0,Parkway North,43
2022-09-01,North County,36,St. Clair,32
2022-09-01,Ritenour,46,Webster Groves,3
2022-09-02,Capital City,41,Battle with Columbia Independent,32
2022-09-02,Central (St. Joseph),47,Benton,13
2022-09-02,St. Pius X (Festus),47,Bishop DuBourg with Hancock,0
2022-09-02,Lutheran North,0,Blair Oaks,35
2022-09-02,Lee's Summit West,28,Blue Springs,0
2022-09-02,Palmyra,12,Bowling Green,71
2022-09-02,Carthage,49,Branson,0
2022-09-02,Forsyth,35,Buffalo,60
2022-09-02,Sherwood,13,Butler,50
2022-09-02,Skyline with Macks Creek,0,Cabool,38
2022-09-02,Vashon with Miller Career Academy,7,Cardinal Ritter,29
2022-09-02,Salisbury,66,Carrollton,6
2022-09-02,Central (Park Hills),58,Caruthersville,21
2022-09-02,Aurora,14,Cassville,42
2022-09-02,Lincoln College Prep,7,Center,42
2022-09-02,East Prairie,6,Central (New Madrid County),64
2022-09-02,Hallsville,20,Centralia,26
2022-09-02,Charleston,36,Chaffee,6
2022-09-02,Princeton with Mercer,12,Clark County,58
2022-09-02,Westminster Christian Academy,28,Clayton,20
2022-09-02,Odessa,49,Clinton,20
2022-09-02,Wellington-Napoleon,34,Crest Ridge with Chilhowee,16
2022-09-02,Louisiana,20,Crystal City,40
2022-09-02,Sikeston,45,Dexter,32
2022-09-02,Vianney,15,Duchesne,50
2022-09-02,Summit Christian Academy,49,East (Kansas City),8
2022-09-02,Hollister,14,East Newton,7
2022-09-02,Central (Springfield),16,Fair Grove,34
2022-09-02,Potosi,18,Farmington,50
2022-09-02,Putnam County,34,Father Tolton,29
2022-09-02,Houston,46,Fayette,6
2022-09-02,Valle Catholic,48,Festus,20
2022-09-02,Kearney,36,Fort Osage,17
2022-09-02,Jackson,14,Francis Howell,41
2022-09-02,Pacific,14,Francis Howell Central,35
2022-09-02,Herculaneum,22,Fredericktown,14
2022-09-02,North Point,0,Ft. Zumwalt North,35
2022-09-02,Ft. Zumwalt East,12,Ft. Zumwalt South,30
2022-09-02,California,61,Fulton,34
2022-09-02,Penney,0,Gallatin with Tri-County,40
2022-09-02,Riverview Gardens,57,Gateway,28
2022-09-02,West Plains,34,Glendale,28
2022-09-02,Grandview,28,Grain Valley,43
2022-09-02,Bayless,30,Grandview (Hillsboro),32
2022-09-02,Eureka,35,Hazelwood West,0
2022-09-02,South Callaway,0,Hermann,20
2022-09-02,Helias Catholic,41,Hickman,0
2022-09-02,Lebanon,63,Hillcrest,22
2022-09-02,Central (Cape Girardeau),7,Hillsboro,47
2022-09-02,Cuba,8,Jefferson (Festus),35
2022-09-02,Hannibal,53,Jefferson City,28
2022-09-02,Doniphan,6,Kennett,45
2022-09-02,Camdenton,24,Kickapoo,21
2022-09-02,Chillicothe,14,Kirksville,40
2022-09-02,Fox,20,Lafayette (Wildwood),42
2022-09-02,Lawson,19,Lafayette County,56
2022-09-02,Logan-Rogersville,0,Lamar,28
2022-09-02,Staley,28,Lee's Summit,45
2022-09-02,Park Hill South,7,Lee's Summit North,24
2022-09-02,Central (Kansas City),0,Lexington,34
2022-09-02,Liberty North,41,Liberty,7
2022-09-02,Holt,48,Liberty (Wentzville),0
2022-09-02,Tipton,27,Lincoln,14
2022-09-02,Ladue Horton Watkins,17,Lindbergh,43
2022-09-02,St. James,34,Lutheran South,39
2022-09-02,Priory,0,Lutheran St. Charles,41
2022-09-02,Brookfield,20,Marceline,14
2022-09-02,Winfield with Elsberry,9,Mark Twain,46
2022-09-02,Rockwood Summit,2,Marquette,14
2022-09-02,Boonville,42,Marshall,6
2022-09-02,Harrisonville,6,Maryville,49
2022-09-02,North Platte,20,Maysville with Winston,0
2022-09-02,Marshfield,13,McDonald County,35
2022-09-02,Oakville,42,Mehlville,0
2022-09-02,Holden,14,Mid-Buchanan,20
2022-09-02,Harrisburg,8,Milan,41
2022-09-02,Stockton with Sheldon,35,Miller,12
2022-09-02,Osage,37,Moberly,43
2022-09-02,Monroe City,46,Montgomery County,13
2022-09-02,El Dorado Springs,6,Mountain Grove,49
2022-09-02,Reeds Spring,7,Nevada,34
2022-09-02,Neosho,21,Nixa,65
2022-09-02,Macon,33,North Callaway,0
2022-09-02,Raytown South,6,North Kansas City,15
2022-09-02,Richmond,39,Oak Grove,0
2022-09-02,Eldon,27,Owensville,26
2022-09-02,Raymore-Peculiar,57,Park Hill,50
2022-09-02,Waynesville,46,Parkview,22
2022-09-02,Northwest (Cedar Hill),14,Parkway South,32
2022-09-02,Hazelwood Central,27,Parkway West,20
2022-09-02,Diamond,13,Pierce City,34
2022-09-02,Lafayette (St. Joseph),7,Pleasant Hill,63
2022-09-02,Plattsburg,20,Polo,55
2022-09-02,Hayti,12,Portageville,48
2022-09-02,Hogan Prep Academy Charter,36,Principia with Whitfield,0
2022-09-02,Excelsior Springs,21,Raytown,42
2022-09-02,Ozark,13,Republic,51
2022-09-02,Blue Springs South,14,Rockhurst,48
2022-09-02,Bolivar,7,Rolla,42
2022-09-02,Oak Park,48,Ruskin,6
2022-09-02,Van-Far,6,Russellville,19
2022-09-02,Knob Noster,25,Salem,7
2022-09-02,Clever,7,Sarcoxie,42
2022-09-02,East Buchanan,19,Savannah,24
2022-09-02,Highland,26,Scotland County,7
2022-09-02,University City,6,Seckman,69
2022-09-02,Springfield Catholic,0,Seneca,65
2022-09-02,Adrian,48,Slater,6
2022-09-02,Rock Bridge,49,Smith-Cotton,0
2022-09-02,Platte County,7,Smithville,10
2022-09-02,West Platte,28,South Harrison,6
2022-09-02,Westran,6,South Shelby,43
2022-09-02,Cameron,22,Southeast,6
2022-09-02,Mexico,6,Southern Boone,14
2022-09-02,North County,36,St. Clair,32
2022-09-02,Lift for Life Academy Charter,0,St. Dominic,23
2022-09-02,Union,42,St. Francis Borgia,20
2022-09-02,Hazelwood East,8,St. Mary's South Side,49
2022-09-02,St. Pius X (Kansas City),42,St. Michael the Archangel,0
2022-09-02,Scott City,22,St. Vincent,36
2022-09-02,Affton,36,Ste. Genevieve,83
2022-09-02,Ava,14,Strafford,21
2022-09-02,SLUH,34,Timberland,37
2022-09-02,Lathrop,0,Trenton,35
2022-09-02,Northeast (Kansas City),0,Van Horn,47
2022-09-02,Warsaw,32,Versailles,12
2022-09-02,St. Charles,0,Warrensburg,50
2022-09-02,Warrenton,0,Washington,41
2022-09-02,Joplin,52,Willard,13
2022-09-02,Truman,7,William Chrisman,41
2022-09-02,Marionville,28,Willow Springs,6
2022-09-02,Cole Camp,18,Windsor,14
2022-09-02,Perryville,7,Windsor (Imperial),28
2022-09-02,Belton,21,Winnetonka,13
2022-09-02,Orchard Farm,7,Wright City,21
2022-09-03,Chaminade College Prep,19,MICDS,42
2022-09-03,Mt. Vernon,14,Monett,6
2022-09-03,Soldan International Studies with Sumner,6,Roosevelt with Carnahan,14
2022-09-08,Francis Howell,42,Lutheran North,21
2022-09-08,East Newton,0,Nevada,68
2022-09-08,Holt,33,Washington,7
2022-09-08,Hillcrest,0,West Plains,55
2022-09-09,Bishop DuBourg with Hancock,24,Affton,56
2022-09-09,Stockton with Sheldon,14,Ash Grove,38
2022-09-09,Mt. Vernon,24,Aurora,7
2022-09-09,Mountain Grove,28,Ava,49
2022-09-09,Fort Osage,20,Belton,6
2022-09-09,Osage,13,Blair Oaks,56
2022-09-09,Lee's Summit,41,Blue Springs,20
2022-09-09,Park Hill,49,Blue Springs South,50
2022-09-09,Willard,19,Branson,21
2022-09-09,Sweet Springs with Malta Bend,38,Braymer with Breckenridge,74
2022-09-09,Confluence Prep Academy Charter with Grand Center Arts Charter,0,Brentwood,41
2022-09-09,Willow Springs,44,Cabool,22
2022-09-09,St. Pius X (Kansas City),45,Cameron,6
2022-09-09,Hickman,26,Capital City,35
2022-09-09,Duchesne,6,Cardinal Ritter,35
2022-09-09,Nixa,22,Carthage,21
2022-09-09,Seneca,42,Cassville,7
2022-09-09,Dexter,7,Central (New Madrid County),33
2022-09-09,Potosi,20,Central (Park Hills),55
2022-09-09,Raytown,58,Central (St. Joseph),56
2022-09-09,Palmyra,0,Centralia,35
2022-09-09,De Smet Jesuit,40,Chaminade College Prep,0
2022-09-09,SLUH,35,Christian Brothers College,63
2022-09-09,Jennings,30,Clayton,7
2022-09-09,Forsyth,49,Clever,28
2022-09-09,Tipton,21,Cole Camp,29
2022-09-09,Bayless,14,Crystal City,32
2022-09-09,Central (Springfield),55,Cuba,8
2022-09-09,Russellville,34,Diamond,22
2022-09-09,Caruthersville,44,Doniphan,14
2022-09-09,North Platte,12,East Buchanan,55
2022-09-09,Portageville,72,East Prairie,20
2022-09-09,Buffalo,36,El Dorado Springs,40
2022-09-09,Versailles,14,Eldon,75
2022-09-09,Kirkwood,30,Eureka,31
2022-09-09,Winnetonka,7,Excelsior Springs,35
2022-09-09,Skyline with Macks Creek,18,Fair Grove,45
2022-09-09,St. Charles,0,Francis Howell North,35
2022-09-09,Valle Catholic,59,Fredericktown,0
2022-09-09,Ft. Zumwalt North,37,Ft. Zumwalt East,0
2022-09-09,Francis Howell Central,34,Ft. Zumwalt South,7
2022-09-09,Hillsboro,49,Ft. Zumwalt West,13
2022-09-09,Rolla,13,Glendale,32
2022-09-09,Raytown South,31,Grandview,56
2022-09-09,Boonville,59,Hallsville,58
2022-09-09,Battle with Columbia Independent,16,Helias Catholic,58
2022-09-09,Jefferson (Festus),8,Herculaneum,16
2022-09-09,Monroe City,46,Highland,8
2022-09-09,Clinton,12,Holden,41
2022-09-09,Farmington,7,Jackson,47
2022-09-09,Lift for Life Academy Charter,38,John Burroughs,3
2022-09-09,Smithville,19,Kearney,20
2022-09-09,Sikeston,7,Kennett,52
2022-09-09,Savannah,29,Kirksville,0
2022-09-09,Ritenour,33,Ladue Horton Watkins,27
2022-09-09,Benton,44,Lafayette (St. Joseph),13
2022-09-09,Monett,0,Lamar,49
2022-09-09,Kickapoo,10,Lebanon,31
2022-09-09,Staley,21,Lee's Summit North,47
2022-09-09,St. Michael the Archangel,55,Lexington,20
2022-09-09,Thayer,16,Liberty (Mountain View),62
2022-09-09,Rockhurst,7,Liberty North,10
2022-09-09,Crest Ridge with Chilhowee,6,Lincoln,48
2022-09-09,Pembroke Hill,7,Lincoln College Prep,48
2022-09-09,Fox,14,Lindbergh,35
2022-09-09,McDonald County,21,Logan-Rogersville,14
2022-09-09,Father Tolton,34,Louisiana,31
2022-09-09,St. Dominic,3,Lutheran St. Charles,45
2022-09-09,Clark County,18,Macon,26
2022-09-09,Harrisburg,34,Marceline,8
2022-09-09,Hollister,20,Marshfield,28
2022-09-09,Chillicothe,14,Maryville,45
2022-09-09,West Platte,0,Mid-Buchanan,42
2022-09-09,Carl Junction,29,Neosho,55
2022-09-09,DeSoto,0,North County,42
2022-09-09,Liberty (Wentzville),28,North Point,24
2022-09-09,Seckman,64,Northwest (Cedar Hill),6
2022-09-09,Center,61,Oak Grove,31
2022-09-09,Grain Valley,10,Oak Park,14
2022-09-09,Webster Groves,10,Oakville,55
2022-09-09,Mexico,51,Odessa,47
2022-09-09,Ste. Genevieve,42,Orchard Farm,17
2022-09-09,Joplin,29,Ozark,22
2022-09-09,Salisbury,42,"Paris with Faith Walk, Madison",8
2022-09-09,Lee's Summit West,12,Park Hill South,22
2022-09-09,Bolivar,51,Parkview,12
2022-09-09,Mehlville,7,Parkway South,34
2022-09-09,Hazelwood West,8,Pattonville,55
2022-09-09,Lawson,32,Penney,21
2022-09-09,St. Vincent,38,Perryville,7
2022-09-09,North Kansas City,14,Platte County,25
2022-09-09,Lathrop,44,Plattsburg,6
2022-09-09,Harrisonville,29,Pleasant Hill,37
2022-09-09,Maysville with Winston,30,Polo,6
2022-09-09,Central (Cape Girardeau),14,Poplar Bluff,7
2022-09-09,Trenton,42,Princeton with Mercer,6
2022-09-09,Milan,18,Putnam County,21
2022-09-09,Liberty,31,Raymore-Peculiar,34
2022-09-09,Springfield Catholic,7,Reeds Spring,56
2022-09-09,Marshall,22,Richmond,48
2022-09-09,Jefferson City,27,Rock Bridge,49
2022-09-09,Parkway Central,14,Rockwood Summit,50
2022-09-09,Houston,32,Salem,6
2022-09-09,Pierce City,20,Sarcoxie,28
2022-09-09,Fayette,28,Scotland County,10
2022-09-09,Hayti,0,Scott City,55
2022-09-09,Carrollton,0,Sherwood,39
2022-09-09,Windsor,40,Slater,34
2022-09-09,North Callaway,28,South Callaway,34
2022-09-09,Gallatin with Tri-County,46,South Harrison,6
2022-09-09,Brookfield,30,South Shelby,46
2022-09-09,California,28,Southern Boone,29
2022-09-09,University City,12,St. Charles West,28
2022-09-09,Pacific,14,St. Clair,56
2022-09-09,Strafford,10,St. Francis Borgia,40
2022-09-09,Hermann,38,St. James,6
2022-09-09,Grandview (Hillsboro),0,St. Pius X (Festus),35
2022-09-09,Hogan Prep Academy Charter,26,Summit Christian Academy,7
2022-09-09,Southeast,6,Truman,47
2022-09-09,Sullivan,12,Union,29
2022-09-09,William Chrisman,3,Van Horn,17
2022-09-09,Montgomery County,12,Van-Far,14
2022-09-09,Timberland,63,Vianney,13
2022-09-09,Smith-Cotton,14,Warrensburg,23
2022-09-09,Owensville,12,Warrenton,6
2022-09-09,Lafayette County,49,Warsaw,7
2022-09-09,Camdenton,41,Waynesville,8
2022-09-09,Republic,14,Webb City,35
2022-09-09,Midway,6,Wellington-Napoleon,41
2022-09-09,Fulton,20,Westran,31
2022-09-09,Festus,36,Windsor (Imperial),12
2022-09-09,Moberly,39,Winfield with Elsberry,21
2022-09-09,Mark Twain,6,Wright City,21
2022-09-10,Northeast (Kansas City),30,Central (Kansas City),20
2022-09-10,Roosevelt with Carnahan,6,Gateway,30
2022-09-10,Marquette,23,Hazelwood Central,7
2022-09-10,Normandy Collaborative,0,Hazelwood East,36
2022-09-10,Chaffee,14,Kelly,26
2022-09-10,Parkway North,48,McCluer,22
2022-09-10,Parkway West,47,McCluer North,6
2022-09-10,Lutheran South,16,Priory,28
2022-09-10,Lafayette (Wildwood),62,Riverview Gardens,24
2022-09-10,Hannibal,40,Troy Buchanan,42
2022-09-10,East (Kansas City),16,University Academy Charter with Ewing Marion Kauffman,64
2022-09-10,MICDS,59,Westminster Christian Academy,20
2022-09-15,Riverview Gardens,6,Jennings,41
2022-09-16,Wellington-Napoleon,6,Adrian,28
2022-09-16,Pierce City,7,Ash Grove,20
2022-09-16,Liberty (Mountain View),32,Ava,0
2022-09-16,Perryville,40,Bayless,0
2022-09-16,Central (Kansas City),0,Benton,63
2022-09-16,Southern Boone,14,Boonville,18
2022-09-16,Centralia,42,Brookfield,8
2022-09-16,Blair Oaks,52,California,14
2022-09-16,Parkview,6,Camdenton,65
2022-09-16,Carthage,48,Carl Junction,12
2022-09-16,Russellville,35,Carrollton,14
2022-09-16,Kennett,52,Caruthersville,28
2022-09-16,Central (Park Hills),41,Central (Cape Girardeau),20
2022-09-16,Doniphan,8,Central (New Madrid County),42
2022-09-16,Marionville,18,Central (Springfield),13
2022-09-16,Kelly,14,Charleston,20
2022-09-16,Cameron,0,Chillicothe,42
2022-09-16,Chaminade College Prep,7,Christian Brothers College,56
2022-09-16,Highland,8,Clark County,50
2022-09-16,Pleasant Hill,45,Clinton,13
2022-09-16,Crystal City,42,Confluence Prep Academy Charter with Grand Center Arts Charter,0
2022-09-16,Midway,26,Crest Ridge with Chilhowee,16
2022-09-16,Vianney,7,De Smet Jesuit,56
2022-09-16,East Prairie,16,Dexter,45
2022-09-16,Miller,22,Diamond,38
2022-09-16,St. Francis Borgia,33,Duchesne,41
2022-09-16,Cassville,35,East Newton,0
2022-09-16,University Academy Charter with Ewing Marion Kauffman,50,El Dorado Springs,6
2022-09-16,Sikeston,15,Farmington,48
2022-09-16,Westran,18,Fayette,21
2022-09-16,DeSoto,7,Festus,56
2022-09-16,Fair Grove,44,Forsyth,45
2022-09-16,Blue Springs,34,Fort Osage,32
2022-09-16,Ritenour,34,Fox,20
2022-09-16,Francis Howell North,14,Francis Howell,56
2022-09-16,Troy Buchanan,58,Francis Howell Central,21
2022-09-16,North Point,14,Ft. Zumwalt East,13
2022-09-16,Washington,32,Ft. Zumwalt North,35
2022-09-16,Holt,42,Ft. Zumwalt South,0
2022-09-16,Timberland,59,Ft. Zumwalt West,56
2022-09-16,Hannibal,48,Fulton,0
2022-09-16,Polo,8,Gallatin with Tri-County,46
2022-09-16,Platte County,14,Grain Valley,24
2022-09-16,"Paris with Faith Walk, Madison",0,Harrisburg,36
2022-09-16,Warrensburg,24,Harrisonville,28
2022-09-16,Cardinal Ritter,40,Helias Catholic,14
2022-09-16,Cuba,22,Hermann,62
2022-09-16,Battle with Columbia Independent,47,Hickman,29
2022-09-16,Glendale,60,Hillcrest,22
2022-09-16,North County,10,Hillsboro,31
2022-09-16,Butler,22,Holden,30
2022-09-16,Reeds Spring,34,Hollister,14
2022-09-16,Cabool,24,Houston,38
2022-09-16,Poplar Bluff,7,Jackson,35
2022-09-16,St. Pius X (Festus),27,Jefferson (Festus),12
2022-09-16,Smith-Cotton,27,Jefferson City,42
2022-09-16,Webb City,8,Joplin,24
2022-09-16,Excelsior Springs,6,Kearney,44
2022-09-16,Waynesville,8,Kickapoo,35
2022-09-16,Hazelwood Central,18,Kirkwood,36
2022-09-16,Northeast (Kansas City),12,Knob Noster,48
2022-09-16,Northwest (Cedar Hill),0,Lafayette (Wildwood),49
2022-09-16,East Buchanan,33,Lathrop,7
2022-09-16,Mid-Buchanan,35,Lawson,0
2022-09-16,Lee's Summit North,38,Lee's Summit,16
2022-09-16,Park Hill South,14,Liberty North,34
2022-09-16,East (Kansas City),0,Lincoln College Prep,35
2022-09-16,Pattonville,29,Lindbergh,17
2022-09-16,Westminster Christian Academy,0,Lutheran North,73
2022-09-16,St. Mary's South Side,56,Lutheran St. Charles,20
2022-09-16,Eureka,35,Marquette,28
2022-09-16,Monett,24,Marshfield,34
2022-09-16,South Harrison,6,Maysville with Winston,27
2022-09-16,Nevada,26,McDonald County,27
2022-09-16,Seckman,58,Mehlville,7
2022-09-16,Marshall,14,Mexico,35
2022-09-16,Princeton with Mercer,14,Milan,34
2022-09-16,Kirksville,34,Moberly,14
2022-09-16,South Shelby,8,Monroe City,46
2022-09-16,Mark Twain,50,Montgomery County,18
2022-09-16,Willow Springs,6,Mountain Grove,50
2022-09-16,Logan-Rogersville,26,Mt. Vernon,8
2022-09-16,Branson,17,Nixa,56
2022-09-16,Louisiana,12,North Callaway,30
2022-09-16,Belton,3,North Kansas City,23
2022-09-16,Penney,24,North Platte,25
2022-09-16,Ladue Horton Watkins,34,Oakville,31
2022-09-16,Oak Grove,43,Odessa,57
2022-09-16,Brentwood,6,Orchard Farm,0
2022-09-16,Eldon,0,Osage,28
2022-09-16,St. James,8,Owensville,42
2022-09-16,Union,52,Pacific,14
2022-09-16,Liberty,49,Park Hill,24
2022-09-16,Clayton,8,Parkway Central,63
2022-09-16,Rockwood Summit,44,Parkway North,32
2022-09-16,McCluer,8,Parkway West,28
2022-09-16,St. Michael the Archangel,35,Pembroke Hill,0
2022-09-16,Scott City,48,Portageville,38
2022-09-16,Valle Catholic,68,Potosi,13
2022-09-16,Trenton,42,Putnam County,20
2022-09-16,Blue Springs South,52,Raymore-Peculiar,34
2022-09-16,Raytown,51,Raytown South,27
2022-09-16,Neosho,48,Republic,63
2022-09-16,Van Horn,7,Richmond,18
2022-09-16,Capital City,28,Rock Bridge,35
2022-09-16,West Plains,28,Rolla,7
2022-09-16,Liberty (Wentzville),63,Roosevelt with Carnahan,8
2022-09-16,Scotland County,7,Salisbury,48
2022-09-16,Lafayette (St. Joseph),0,Savannah,69
2022-09-16,Lamar,33,Seneca,36
2022-09-16,Warsaw,26,Sherwood,6
2022-09-16,Buffalo,64,Skyline with Macks Creek,39
2022-09-16,Vashon with Miller Career Academy,15,SLUH,43
2022-09-16,Ruskin,6,Smithville,54
2022-09-16,Wright City,40,South Callaway,24
2022-09-16,Lexington,18,Southeast,6
2022-09-16,Aurora,27,Springfield Catholic,0
2022-09-16,Winfield with Elsberry,21,St. Charles West,43
2022-09-16,Grandview (Hillsboro),6,St. Dominic,42
2022-09-16,Maryville,27,St. Pius X (Kansas City),34
2022-09-16,Herculaneum,16,St. Vincent,19
2022-09-16,Lee's Summit West,20,Staley,42
2022-09-16,Fredericktown,6,Ste. Genevieve,44
2022-09-16,Sarcoxie,36,Stockton with Sheldon,29
2022-09-16,Clever,0,Strafford,57
2022-09-16,St. Clair,27,Sullivan,14
2022-09-16,Lafayette County,74,Summit Christian Academy,6
2022-09-16,Salem,6,Thayer,28
2022-09-16,Slater,12,Tipton,62
2022-09-16,Oak Park,48,Truman,6
2022-09-16,Bowling Green,64,Van-Far,6
2022-09-16,Hallsville,18,Versailles,6
2022-09-16,St. Charles,0,Warrenton,26
2022-09-16,Parkway South,33,Webster Groves,10
2022-09-16,Plattsburg,0,West Platte,48
2022-09-16,Ozark,40,Willard,0
2022-09-16,Central (St. Joseph),40,William Chrisman,10
2022-09-16,Lincoln,24,Windsor,0
2022-09-16,Grandview,54,Winnetonka,7
2022-09-17,Windsor (Imperial),41,Bishop DuBourg with Hancock,6
2022-09-17,Lebanon,47,Bolivar,3
2022-09-17,Soldan International Studies with Sumner,8,Gateway,32
2022-09-17,Affton,0,Hazelwood East,40
2022-09-17,McCluer North,32,Hazelwood West,8
2022-09-17,Marceline,0,Hogan Prep Academy Charter,26
2022-09-17,Lutheran South,13,John Burroughs,35
2022-09-17,Priory,7,MICDS,45
2022-09-17,University City,33,Normandy Collaborative,10
2022-09-17,Father Tolton,49,Principia with Whitfield,7
2022-09-22,Portageville,34,Charleston,28
2022-09-22,Poplar Bluff,35,Sikeston,2
2022-09-23,Hollister,21,Aurora,18
2022-09-23,Jefferson (Festus),42,Bayless,6
2022-09-23,William Chrisman,7,Belton,52
2022-09-23,Savannah,54,Benton,22
2022-09-23,Boonville,13,Blair Oaks,52
2022-09-23,Montgomery County,0,Bowling Green,74
2022-09-23,Carl Junction,32,Branson,7
2022-09-23,Lift for Life Academy Charter,61,Brentwood,6
2022-09-23,El Dorado Springs,0,Butler,32
2022-09-23,Mountain Grove,42,Cabool,14
2022-09-23,Osage,54,California,30
2022-09-23,Maryville,49,Cameron,0
2022-09-23,Jefferson City,7,Capital City,28
2022-09-23,Lutheran St. Charles,0,Cardinal Ritter,33
2022-09-23,Knob Noster,43,Carrollton,14
2022-09-23,Neosho,7,Carthage,47
2022-09-23,Central (New Madrid County),68,Caruthersville,6
2022-09-23,McDonald County,21,Cassville,14
2022-09-23,Jackson,42,Central (Cape Girardeau),14
2022-09-23,Ste. Genevieve,3,Central (Park Hills),45
2022-09-23,Strafford,10,Central (Springfield),21
2022-09-23,North Kansas City,53,Central (St. Joseph),14
2022-09-23,Monroe City,28,Centralia,7
2022-09-23,Normandy Collaborative,6,Clayton,24
2022-09-23,Pierce City,47,Clever,7
2022-09-23,St. James,54,Cuba,6
2022-09-23,Christian Brothers College,41,De Smet Jesuit,28
2022-09-23,Windsor (Imperial),27,DeSoto,6
2022-09-23,Doniphan,18,Dexter,34
2022-09-23,Marionville,44,Diamond,3
2022-09-23,Southeast,12,East (Kansas City),8
2022-09-23,Kennett,54,East Prairie,6
2022-09-23,Hallsville,44,Eldon,14
2022-09-23,Oakville,19,Eureka,42
2022-09-23,Smithville,42,Excelsior Springs,8
2022-09-23,Stockton with Sheldon,14,Fair Grove,50
2022-09-23,Bishop DuBourg with Hancock,0,Father Tolton,63
2022-09-23,Skyline with Macks Creek,34,Forsyth,35
2022-09-23,Seckman,49,Fox,14
2022-09-23,Timberland,49,Francis Howell Central,19
2022-09-23,Moberly,28,Fulton,14
2022-09-23,Maysville with Winston,12,Gallatin with Tri-County,35
2022-09-23,Crystal City,24,Gateway,22
2022-09-23,Bolivar,6,Glendale,21
2022-09-23,Blue Springs South,21,Grain Valley,24
2022-09-23,Truman,0,Grandview,55
2022-09-23,Perryville,50,Grandview (Hillsboro),21
2022-09-23,Mexico,8,Hannibal,49
2022-09-23,Salisbury,12,Harrisburg,14
2022-09-23,Summit Christian Academy,7,Harrisonville,49
2022-09-23,Chaffee,6,Hayti,30
2022-09-23,Rock Bridge,31,Helias Catholic,20
2022-09-23,Rolla,55,Hillcrest,20
2022-09-23,Festus,21,Hillsboro,58
2022-09-23,Ft. Zumwalt North,7,Holt,14
2022-09-23,Principia with Whitfield,0,Kelly,41
2022-09-23,Parkway North,28,Ladue Horton Watkins,56
2022-09-23,Sarcoxie,18,Lafayette (St. Joseph),7
2022-09-23,Richmond,12,Lafayette County,18
2022-09-23,East Newton,6,Lamar,56
2022-09-23,Mid-Buchanan,34,Lathrop,7
2022-09-23,Waynesville,14,Lebanon,52
2022-09-23,Lee's Summit,0,Lee's Summit West,38
2022-09-23,Holden,48,Lexington,14
2022-09-23,Park Hill South,13,Liberty,35
2022-09-23,Adrian,35,Lincoln,38
2022-09-23,Springfield Catholic,0,Logan-Rogersville,48
2022-09-23,South Callaway,28,Louisiana,32
2022-09-23,Lutheran North,55,Lutheran South,7
2022-09-23,Highland,6,Macon,45
2022-09-23,Fayette,12,Marceline,14
2022-09-23,North Callaway,34,Mark Twain,22
2022-09-23,Kirksville,41,Marshall,17
2022-09-23,Windsor,52,Midway,13
2022-09-23,Ash Grove,8,Miller,6
2022-09-23,Seneca,55,Monett,20
2022-09-23,Nevada,36,Mt. Vernon,23
2022-09-23,Joplin,35,Nixa,49
2022-09-23,Battle with Columbia Independent,44,North County,48
2022-09-23,Ft. Zumwalt South,25,North Point,15
2022-09-23,Marquette,41,Northwest (Cedar Hill),0
2022-09-23,Clinton,12,Oak Grove,49
2022-09-23,Platte County,25,Oak Park,47
2022-09-23,Hermann,38,Owensville,16
2022-09-23,Webb City,55,Ozark,40
2022-09-23,Westran,46,"Paris with Faith Walk, Madison",8
2022-09-23,Liberty North,44,Park Hill,14
2022-09-23,Kickapoo,41,Parkview,8
2022-09-23,Hazelwood West,6,Parkway South,47
2022-09-23,Lafayette (Wildwood),7,Parkway West,18
2022-09-23,Mehlville,7,Pattonville,36
2022-09-23,East Buchanan,45,Penney,16
2022-09-23,North Platte,45,Plattsburg,6
2022-09-23,Odessa,7,Pleasant Hill,49
2022-09-23,Fredericktown,7,Potosi,34
2022-09-23,Putnam County,40,Princeton with Mercer,16
2022-09-23,Fort Osage,38,Raytown,28
2022-09-23,Ruskin,13,Raytown South,26
2022-09-23,Marshfield,19,Reeds Spring,26
2022-09-23,Lindbergh,6,Rockwood Summit,28
2022-09-23,Ava,38,Salem,0
2022-09-23,Russellville,42,Scotland County,13
2022-09-23,Buffalo,37,Sherwood,27
2022-09-23,Cole Camp,42,Slater,14
2022-09-23,Vianney,14,SLUH,49
2022-09-23,Hickman,38,Smith-Cotton,26
2022-09-23,Polo,8,South Harrison,16
2022-09-23,Clark County,6,South Shelby,13
2022-09-23,Ft. Zumwalt East,21,St. Charles,6
2022-09-23,Union,41,St. Clair,14
2022-09-23,St. Dominic,14,St. Francis Borgia,19
2022-09-23,Duchesne,6,St. Mary's South Side,48
2022-09-23,Central (Kansas City),6,St. Michael the Archangel,56
2022-09-23,Herculaneum,6,St. Pius X (Festus),13
2022-09-23,Chillicothe,29,St. Pius X (Kansas City),20
2022-09-23,Pacific,0,Sullivan,30
2022-09-23,Milan,7,Trenton,21
2022-09-23,Francis Howell,35,Troy Buchanan,19
2022-09-23,St. Vincent,7,Valle Catholic,67
2022-09-23,Lincoln College Prep,14,Van Horn,13
2022-09-23,Southern Boone,49,Versailles,7
2022-09-23,Center,55,Warrensburg,15
2022-09-23,St. Charles West,35,Warrenton,21
2022-09-23,Hogan Prep Academy Charter,26,Warsaw,57
2022-09-23,Liberty (Wentzville),7,Washington,76
2022-09-23,Tipton,29,Wellington-Napoleon,30
2022-09-23,Camdenton,31,West Plains,14
2022-09-23,Lawson,29,West Platte,6
2022-09-23,Republic,49,Willard,22
2022-09-23,Liberty (Mountain View),41,Willow Springs,14
2022-09-23,Orchard Farm,14,Winfield with Elsberry,21
2022-09-23,Kearney,52,Winnetonka,8
2022-09-23,Van-Far,28,Wright City,41
2022-09-24,Ft. Zumwalt West,42,Francis Howell North,7
2022-09-24,Parkway Central,14,Hazelwood Central,45
2022-09-24,Thayer,8,Houston,36
2022-09-24,University City,33,Jennings,10
2022-09-24,MICDS,44,John Burroughs,3
2022-09-24,Hazelwood East,14,McCluer,8
2022-09-24,McCluer North,13,Ritenour,42
2022-09-24,Vashon with Miller Career Academy,62,Roosevelt with Carnahan,0
2022-09-24,Chaminade College Prep,34,Soldan International Studies with Sumner,0
2022-09-24,Pembroke Hill,27,University Academy Charter with Ewing Marion Kauffman,40
2022-09-24,Priory,42,Westminster Christian Academy,26
2022-09-30,University City,28,Affton,34
2022-09-30,Houston,12,Ava,6
2022-09-30,Smith-Cotton,15,Battle with Columbia Independent,50
2022-09-30,Grain Valley,44,Belton,0
2022-09-30,Roosevelt with Carnahan,52,Bishop DuBourg with Hancock,36
2022-09-30,Versailles,6,Blair Oaks,65
2022-09-30,Lee's Summit West,7,Blue Springs South,10
2022-09-30,California,12,Boonville,28
2022-09-30,South Callaway,14,Bowling Green,69
2022-09-30,Principia with Whitfield,7,Brentwood,8
2022-09-30,Butler,44,Buffalo,50
2022-09-30,Bolivar,14,Camdenton,56
2022-09-30,Helias Catholic,24,Capital City,22
2022-09-30,Nixa,56,Carl Junction,8
2022-09-30,Ozark,7,Carthage,49
2022-09-30,Dexter,38,Caruthersville,20
2022-09-30,Portageville,50,Chaffee,7
2022-09-30,Centralia,28,Clark County,18
2022-09-30,Skyline with Macks Creek,44,Clever,7
2022-09-30,Crest Ridge with Chilhowee,32,Cole Camp,55
2022-09-30,St. Pius X (Festus),58,Cuba,6
2022-09-30,Jennings,0,Duchesne,54
2022-09-30,West Platte,14,East Buchanan,49
2022-09-30,Monett,28,East Newton,14
2022-09-30,Grandview,31,Excelsior Springs,20
2022-09-30,Central (Cape Girardeau),35,Farmington,32
2022-09-30,"Paris with Faith Walk, Madison",9,Fayette,40
2022-09-30,North County,30,Festus,20
2022-09-30,Diamond,33,Forsyth,43
2022-09-30,Central (St. Joseph),14,Fort Osage,56
2022-09-30,Francis Howell Central,21,Francis Howell North,42
2022-09-30,DeSoto,14,Fredericktown,21
2022-09-30,Washington,45,Ft. Zumwalt East,7
2022-09-30,Vashon with Miller Career Academy,40,Ft. Zumwalt North,32
2022-09-30,Liberty (Wentzville),14,Ft. Zumwalt South,31
2022-09-30,Osage,33,Hallsville,22
2022-09-30,Center,55,Harrisonville,21
2022-09-30,Grandview (Hillsboro),0,Herculaneum,46
2022-09-30,Sullivan,6,Hermann,0
2022-09-30,Jefferson City,57,Hickman,22
2022-09-30,South Shelby,52,Highland,12
2022-09-30,Lafayette County,48,Holden,0
2022-09-30,Logan-Rogersville,35,Hollister,13
2022-09-30,Perryville,7,Jefferson (Festus),20
2022-09-30,Republic,28,Joplin,42
2022-09-30,Central (New Madrid County),60,Kennett,28
2022-09-30,West Plains,6,Kickapoo,21
2022-09-30,Hannibal,45,Kirksville,25
2022-09-30,Marquette,20,Kirkwood,17
2022-09-30,Lexington,20,Knob Noster,41
2022-09-30,Chillicothe,42,Lafayette (St. Joseph),7
2022-09-30,Ladue Horton Watkins,10,Lafayette (Wildwood),49
2022-09-30,Plattsburg,6,Lawson,47
2022-09-30,Glendale,0,Lebanon,42
2022-09-30,Oak Park,28,Lee's Summit,35
2022-09-30,Staley,26,Liberty,24
2022-09-30,Mountain Grove,13,Liberty (Mountain View),27
2022-09-30,Blue Springs,10,Liberty North,35
2022-09-30,Slater,0,Lincoln,46
2022-09-30,Westminster Christian Academy,28,Lutheran South,42
2022-09-30,Brookfield,20,Macon,53
2022-09-30,Pierce City,21,Marionville,62
2022-09-30,Louisiana,14,Mark Twain,38
2022-09-30,Aurora,21,Marshfield,55
2022-09-30,Benton,13,Maryville,55
2022-09-30,Princeton with Mercer,12,Maysville with Winston,28
2022-09-30,Lamar,54,McDonald County,14
2022-09-30,Webster Groves,0,Mehlville,29
2022-09-30,Fulton,7,Mexico,54
2022-09-30,Adrian,54,Midway,0
2022-09-30,Gallatin with Tri-County,41,Milan,10
2022-09-30,Sarcoxie,56,Miller,14
2022-09-30,Marshall,17,Moberly,7
2022-09-30,Palmyra,0,Monroe City,50
2022-09-30,Wright City,14,Montgomery County,36
2022-09-30,Branson,31,Neosho,50
2022-09-30,Cassville,7,Nevada,62
2022-09-30,Van-Far,16,North Callaway,36
2022-09-30,Truman,0,North Kansas City,44
2022-09-30,Mid-Buchanan,48,North Platte,28
2022-09-30,Holt,52,North Point,0
2022-09-30,East (Kansas City),12,Northeast (Kansas City),26
2022-09-30,Northwest (Cedar Hill),7,Oakville,62
2022-09-30,Warrensburg,36,Odessa,61
2022-09-30,Owensville,22,Pacific,12
2022-09-30,Park Hill,42,Park Hill South,35
2022-09-30,Parkway North,40,Parkway West,35
2022-09-30,Eureka,34,Pattonville,7
2022-09-30,Hogan Prep Academy Charter,6,Pembroke Hill,21
2022-09-30,Lathrop,7,Penney,36
2022-09-30,Raytown,26,Platte County,31
2022-09-30,Oak Grove,7,Pleasant Hill,42
2022-09-30,Trenton,24,Polo,6
2022-09-30,Fox,7,Poplar Bluff,28
2022-09-30,South Harrison,14,Putnam County,55
2022-09-30,Lee's Summit North,47,Raymore-Peculiar,7
2022-09-30,Seneca,63,Reeds Spring,49
2022-09-30,Carrollton,0,Richmond,64
2022-09-30,Lindbergh,19,Ritenour,14
2022-09-30,Lutheran St. Charles,13,Rock Bridge,42
2022-09-30,McCluer,0,Rockwood Summit,44
2022-09-30,Parkview,8,Rolla,49
2022-09-30,Kearney,59,Ruskin,0
2022-09-30,Crystal City,36,Russellville,38
2022-09-30,Marceline,36,Salisbury,32
2022-09-30,Cameron,6,Savannah,41
2022-09-30,Kelly,0,Scott City,42
2022-09-30,Parkway South,6,Seckman,50
2022-09-30,Stockton with Sheldon,21,Sherwood,28
2022-09-30,Jackson,60,Sikeston,13
2022-09-30,De Smet Jesuit,37,SLUH,20
2022-09-30,Raytown South,0,Smithville,49
2022-09-30,Eldon,20,Southern Boone,42
2022-09-30,Mt. Vernon,42,Springfield Catholic,7
2022-09-30,Winfield with Elsberry,28,St. Charles,30
2022-09-30,Orchard Farm,7,St. Charles West,22
2022-09-30,St. Mary's South Side,49,St. Dominic,10
2022-09-30,Cardinal Ritter,59,St. Francis Borgia,0
2022-09-30,St. Clair,34,St. James,6
2022-09-30,Potosi,12,Ste. Genevieve,26
2022-09-30,Fair Grove,18,Strafford,45
2022-09-30,University Academy Charter with Ewing Marion Kauffman,28,Summit Christian Academy,14
2022-09-30,Troy Buchanan,44,Timberland,12
2022-09-30,Windsor,28,Tipton,21
2022-09-30,Warrenton,14,Union,55
2022-09-30,Central (Park Hills),30,Valle Catholic,40
2022-09-30,Chaminade College Prep,58,Vianney,31
2022-09-30,El Dorado Springs,6,Warsaw,40
2022-09-30,Hillcrest,12,Waynesville,56
2022-09-30,Willard,28,Webb City,49
2022-09-30,Scotland County,0,Westran,38
2022-09-30,Winnetonka,14,William Chrisman,30
2022-09-30,Salem,33,Willow Springs,69
2022-09-30,Hillsboro,67,Windsor (Imperial),13
2022-10-01,Harrisburg,22,Ash Grove,36
2022-10-01,Southeast,32,Central (Kansas City),20
2022-10-01,Father Tolton,48,Doniphan,8
2022-10-01,Francis Howell,56,Ft. Zumwalt West,21
2022-10-01,Lift for Life Academy Charter,56,Gateway,6
2022-10-01,Clayton,3,Hazelwood East,39
2022-10-01,Hazelwood Central,54,Hazelwood West,0
2022-10-01,Parkway Central,40,McCluer North,12
2022-10-01,Lutheran North,34,MICDS,18
2022-10-01,John Burroughs,25,Priory,28
2022-10-01,Confluence Prep Academy Charter with Grand Center Arts Charter,0,Soldan International Studies with Sumner,43
2022-10-01,Van Horn,9,St. Michael the Archangel,21
2022-10-01,Bayless,6,St. Vincent,48
2022-10-01,Cabool,14,Thayer,38
2022-10-06,Jennings,24,Affton,28
2022-10-06,Parkview,8,Glendale,37
2022-10-06,Northwest (Cedar Hill),7,Parkway Central,44
2022-10-06,Parkway West,45,Parkway South,7
2022-10-07,Crest Ridge with Chilhowee,8,Adrian,50
2022-10-07,Jennings,24,Affton,28
2022-10-07,Clever,14,Ash Grove,48
2022-10-07,Reeds Spring,44,Aurora,7
2022-10-07,Rock Bridge,48,Battle with Columbia Independent,35
2022-10-07,Brentwood,48,Bishop DuBourg with Hancock,16
2022-10-07,Liberty North,41,Blue Springs South,7
2022-10-07,Waynesville,26,Bolivar,34
2022-10-07,Monroe City,58,Brookfield,22
2022-10-07,Warsaw,14,Butler,38
2022-10-07,Lafayette (St. Joseph),6,Cameron,50
2022-10-07,Lift for Life Academy Charter,0,Cardinal Ritter,50
2022-10-07,Lexington,6,Carrollton,26
2022-10-07,Odessa,14,Center,62
2022-10-07,Sikeston,23,Central (Cape Girardeau),41
2022-10-07,Excelsior Springs,47,Central (St. Joseph),53
2022-10-07,Highland,6,Centralia,42
2022-10-07,SLUH,42,Chaminade College Prep,19
2022-10-07,Savannah,21,Chillicothe,7
2022-10-07,Harrisonville,35,Clinton,7
2022-10-07,Lincoln,38,Cole Camp,34
2022-10-07,Van-Far,14,Crystal City,37
2022-10-07,Hillsboro,79,DeSoto,0
2022-10-07,Kennett,42,Dexter,14
2022-10-07,East Prairie,43,Doniphan,20
2022-10-07,St. Dominic,10,Duchesne,20
2022-10-07,Sherwood,14,El Dorado Springs,10
2022-10-07,Blair Oaks,76,Eldon,22
2022-10-07,Lafayette (Wildwood),20,Eureka,13
2022-10-07,Buffalo,48,Fair Grove,46
2022-10-07,Strafford,23,Forsyth,35
2022-10-07,Hazelwood West,8,Fox,56
2022-10-07,Timberland,14,Francis Howell,49
2022-10-07,Ft. Zumwalt West,28,Francis Howell Central,7
2022-10-07,Central (Park Hills),42,Fredericktown,0
2022-10-07,Washington,55,Ft. Zumwalt South,0
2022-10-07,Marshall,38,Fulton,8
2022-10-07,Putnam County,20,Gallatin with Tri-County,35
2022-10-07,Hickman,20,Grain Valley,52
2022-10-07,Ruskin,8,Grandview,26
2022-10-07,Jefferson (Festus),41,Grandview (Hillsboro),12
2022-10-07,Southern Boone,27,Hallsville,48
2022-10-07,Moberly,7,Hannibal,53
2022-10-07,Westran,18,Harrisburg,28
2022-10-07,Bayless,6,Herculaneum,44
2022-10-07,Camdenton,63,Hillcrest,22
2022-10-07,Ft. Zumwalt East,13,Holt,58
2022-10-07,Willow Springs,14,Houston,20
2022-10-07,Confluence Prep Academy Charter with Grand Center Arts Charter,0,Jackson,76
2022-10-07,Helias Catholic,38,Jefferson City,21
2022-10-07,Carl Junction,7,Joplin,35
2022-10-07,Raytown South,12,Kearney,53
2022-10-07,Hayti,6,Kelly,15
2022-10-07,Hazelwood Central,16,Ladue Horton Watkins,20
2022-10-07,Knob Noster,0,Lafayette County,76
2022-10-07,Nevada,26,Lamar,47
2022-10-07,West Platte,10,Lathrop,8
2022-10-07,North Platte,12,Lawson,45
2022-10-07,Raymore-Peculiar,50,Lee's Summit West,30
2022-10-07,Lee's Summit North,28,Liberty,6
2022-10-07,Cabool,14,Liberty (Mountain View),61
2022-10-07,Ft. Zumwalt North,49,Liberty (Wentzville),7
2022-10-07,Kirkwood,49,Lindbergh,7
2022-10-07,Marshfield,34,Logan-Rogersville,7
2022-10-07,Montgomery County,22,Louisiana,14
2022-10-07,St. Francis Borgia,13,Lutheran St. Charles,53
2022-10-07,Scotland County,17,Marceline,41
2022-10-07,Sarcoxie,6,Marionville,44
2022-10-07,Bowling Green,76,Mark Twain,6
2022-10-07,Ritenour,22,Marquette,51
2022-10-07,Lutheran North,36,Maryville,29
2022-10-07,Kirksville,43,Mexico,42
2022-10-07,Penney,8,Mid-Buchanan,21
2022-10-07,McDonald County,0,Monett,18
2022-10-07,Salem,12,Mountain Grove,51
2022-10-07,Hollister,7,Mt. Vernon,37
2022-10-07,Windsor (Imperial),12,North County,55
2022-10-07,Soldan International Studies with Sumner,14,North Point,54
2022-10-07,Lincoln College Prep,42,Oak Grove,22
2022-10-07,North Kansas City,6,Oak Park,13
2022-10-07,Rockwood Summit,38,Oakville,28
2022-10-07,St. Charles,0,Orchard Farm,14
2022-10-07,Boonville,13,Osage,40
2022-10-07,Union,47,Owensville,0
2022-10-07,Neosho,63,Ozark,42
2022-10-07,Festus,55,Pacific,24
2022-10-07,Russellville,38,"Paris with Faith Walk, Madison",0
2022-10-07,Lee's Summit,41,Park Hill,40
2022-10-07,Seckman,50,Pattonville,48
2022-10-07,East (Kansas City),6,Pembroke Hill,48
2022-10-07,Central (New Madrid County),65,Perryville,18
2022-10-07,Belton,8,Platte County,38
2022-10-07,East Buchanan,62,Plattsburg,6
2022-10-07,Princeton with Mercer,13,Polo,6
2022-10-07,Farmington,21,Poplar Bluff,34
2022-10-07,St. Charles West,31,Potosi,53
2022-10-07,William Chrisman,22,Raytown,36
2022-10-07,Branson,21,Republic,33
2022-10-07,Holden,20,Richmond,26
2022-10-07,Blue Springs,21,Rockhurst,35
2022-10-07,Kickapoo,27,Rolla,0
2022-10-07,Fayette,48,Salisbury,28
2022-10-07,Chaffee,7,Scott City,68
2022-10-07,East Newton,7,Seneca,56
2022-10-07,Capital City,42,Smith-Cotton,29
2022-10-07,Cuba,6,South Callaway,45
2022-10-07,Milan,49,South Harrison,20
2022-10-07,Macon,40,South Shelby,26
2022-10-07,St. Michael the Archangel,54,Southeast,0
2022-10-07,Cassville,45,Springfield Catholic,0
2022-10-07,Hermann,25,St. Clair,7
2022-10-07,Sullivan,51,St. James,14
2022-10-07,De Smet Jesuit,14,St. Mary's South Side,45
2022-10-07,St. Vincent,21,St. Pius X (Festus),6
2022-10-07,Benton,6,St. Pius X (Kansas City),30
2022-10-07,Park Hill South,21,Staley,34
2022-10-07,Diamond,28,Stockton with Sheldon,31
2022-10-07,Ava,43,Thayer,8
2022-10-07,Midway,6,Tipton,56
2022-10-07,Francis Howell North,21,Troy Buchanan,49
2022-10-07,Fort Osage,68,Truman,13
2022-10-07,Ste. Genevieve,7,Valle Catholic,63
2022-10-07,Summit Christian Academy,0,Van Horn,59
2022-10-07,California,28,Versailles,18
2022-10-07,Christian Brothers College,64,Vianney,6
2022-10-07,Pleasant Hill,43,Warrensburg,21
2022-10-07,Carthage,28,Webb City,14
2022-10-07,Parkway North,42,Webster Groves,13
2022-10-07,Windsor,40,Wellington-Napoleon,13
2022-10-07,Lebanon,45,West Plains,42
2022-10-07,Nixa,63,Willard,18
2022-10-07,Warrenton,28,Winfield with Elsberry,7
2022-10-07,Smithville,63,Winnetonka,0
2022-10-07,North Callaway,32,Wright City,13
2022-10-08,Lift for Life Academy Charter,0,Cardinal Ritter,50
2022-10-08,Riverview Gardens,27,Clayton,0
2022-10-08,Father Tolton,14,Hogan Prep Academy Charter,24
2022-10-08,Westminster Christian Academy,13,John Burroughs,52
2022-10-08,Lutheran North,36,Maryville,29
2022-10-08,Trenton,34,Maysville with Winston,0
2022-10-08,Mehlville,14,McCluer,12
2022-10-08,Lutheran South,13,MICDS,54
2022-10-08,McCluer North,6,Normandy Collaborative,42
2022-10-08,Central (Springfield),31,Skyline with Macks Creek,6
2022-10-08,Central (Kansas City),0,University Academy Charter with Ewing Marion Kauffman,38
2022-10-08,Hazelwood East,49,University City,8
2022-10-08,Gateway,0,Vashon with Miller Career Academy,40
2022-10-13,Potosi,14,North County,45
2022-10-13,Charleston,14,Scott City,49
2022-10-14,Cole Camp,0,Adrian,36
2022-10-14,Marionville,28,Ash Grove,22
2022-10-14,East Newton,7,Aurora,12
2022-10-14,St. Pius X (Festus),41,Bayless,6
2022-10-14,Cameron,28,Benton,19
2022-10-14,Hallsville,0,Blair Oaks,55
2022-10-14,Blue Springs South,44,Blue Springs,21
2022-10-14,Hillcrest,14,Bolivar,53
2022-10-14,Wright City,7,Bowling Green,83
2022-10-14,Ozark,28,Branson,7
2022-10-14,Soldan International Studies with Sumner,6,Brentwood,34
2022-10-14,Central (Springfield),40,Buffalo,14
2022-10-14,Forsyth,36,Butler,62
2022-10-14,Ava,37,Cabool,8
2022-10-14,Eldon,21,California,61
2022-10-14,Lebanon,28,Camdenton,45
2022-10-14,Willard,0,Carl Junction,42
2022-10-14,Joplin,28,Carthage,34
2022-10-14,Lamar,41,Cassville,13
2022-10-14,DeSoto,7,Central (Cape Girardeau),56
2022-10-14,South Shelby,12,Centralia,28
2022-10-14,Doniphan,6,Chaffee,51
2022-10-14,Gateway,0,Chaminade College Prep,42
2022-10-14,Odessa,36,Chillicothe,35
2022-10-14,Brookfield,26,Clark County,13
2022-10-14,Fair Grove,52,Clever,6
2022-10-14,Warrensburg,65,Clinton,7
2022-10-14,Windsor,44,Crest Ridge with Chilhowee,14
2022-10-14,Winfield with Elsberry,34,Cuba,12
2022-10-14,Central (Park Hills),42,Dexter,13
2022-10-14,Mid-Buchanan,12,East Buchanan,48
2022-10-14,Caruthersville,41,East Prairie,26
2022-10-14,Festus,41,Farmington,20
2022-10-14,Harrisburg,30,Fayette,24
2022-10-14,Parkway South,30,Fox,20
2022-10-14,Francis Howell Central,6,Francis Howell,63
2022-10-14,Ft. Zumwalt South,0,Ft. Zumwalt North,35
2022-10-14,Kickapoo,22,Glendale,2
2022-10-14,Oak Grove,36,Harrisonville,47
2022-10-14,Smith-Cotton,21,Helias Catholic,45
2022-10-14,Pacific,19,Hermann,26
2022-10-14,Palmyra,22,Highland,14
2022-10-14,Cardinal Ritter,26,Hillsboro,13
2022-10-14,Carrollton,0,Holden,52
2022-10-14,Jackson,21,Holt,34
2022-10-14,Ste. Genevieve,41,Jefferson (Festus),34
2022-10-14,Battle with Columbia Independent,41,Jefferson City,48
2022-10-14,Grandview,12,Kearney,63
2022-10-14,Portageville,42,Kelly,0
2022-10-14,Poplar Bluff,35,Kennett,14
2022-10-14,Fulton,0,Kirksville,42
2022-10-14,McCluer,6,Kirkwood,45
2022-10-14,Richmond,48,Knob Noster,0
2022-10-14,Riverview Gardens,20,Ladue Horton Watkins,54
2022-10-14,Lawson,37,Lathrop,6
2022-10-14,Liberty,45,Lee's Summit,28
2022-10-14,Lee's Summit North,21,Lee's Summit West,0
2022-10-14,Lafayette County,56,Lexington,8
2022-10-14,Ft. Zumwalt East,22,Liberty (Wentzville),49
2022-10-14,Midway,6,Lincoln,64
2022-10-14,Bishop DuBourg with Hancock,32,Lutheran South,68
2022-10-14,Lutheran North,18,Lutheran St. Charles,20
2022-10-14,Hannibal,59,Marshall,14
2022-10-14,Mt. Vernon,44,Marshfield,13
2022-10-14,Seneca,28,McDonald County,21
2022-10-14,Lindbergh,42,Mehlville,7
2022-10-14,Polo,6,Milan,38
2022-10-14,Mexico,14,Moberly,28
2022-10-14,Macon,8,Monroe City,32
2022-10-14,Houston,8,Mountain Grove,28
2022-10-14,Webb City,42,Neosho,21
2022-10-14,Monett,7,Nevada,48
2022-10-14,Republic,36,Nixa,35
2022-10-14,Montgomery County,38,North Callaway,42
2022-10-14,Fort Osage,25,North Kansas City,14
2022-10-14,Webster Groves,27,Northwest (Cedar Hill),13
2022-10-14,Central (St. Joseph),0,Oak Park,45
2022-10-14,Southern Boone,39,Osage,54
2022-10-14,Platte County,23,Park Hill South,49
2022-10-14,West Plains,41,Parkview,8
2022-10-14,Eureka,49,Parkway North,21
2022-10-14,Parkway Central,32,Parkway West,16
2022-10-14,Miller,8,Pierce City,34
2022-10-14,Penney,58,Plattsburg,14
2022-10-14,Center,53,Pleasant Hill,27
2022-10-14,South Harrison,28,Princeton with Mercer,19
2022-10-14,Maysville with Winston,24,Putnam County,48
2022-10-14,Liberty North,44,Raymore-Peculiar,14
2022-10-14,Belton,21,Raytown,28
2022-10-14,Excelsior Springs,34,Raytown South,27
2022-10-14,Logan-Rogersville,14,Reeds Spring,28
2022-10-14,Lafayette (Wildwood),48,Ritenour,47
2022-10-14,Hickman,0,Rock Bridge,49
2022-10-14,Winnetonka,2,Ruskin,6
2022-10-14,Sherwood,58,Russellville,41
2022-10-14,Liberty (Mountain View),60,Salem,0
2022-10-14,Diamond,27,Sarcoxie,24
2022-10-14,Maryville,39,Savannah,28
2022-10-14,"Paris with Faith Walk, Madison",7,Scotland County,26
2022-10-14,Oakville,14,Seckman,35
2022-10-14,Central (New Madrid County),48,Sikeston,0
2022-10-14,Wellington-Napoleon,41,Slater,20
2022-10-14,Rockhurst,17,SLUH,14
2022-10-14,Mark Twain,8,South Callaway,46
2022-10-14,Lincoln College Prep,56,Southeast,0
2022-10-14,St. Charles,8,St. Charles West,40
2022-10-14,MICDS,35,St. Dominic,0
2022-10-14,Fredericktown,13,St. Francis Borgia,51
2022-10-14,Hogan Prep Academy Charter,20,St. Michael the Archangel,47
2022-10-14,Lafayette (St. Joseph),0,St. Pius X (Kansas City),40
2022-10-14,Grandview (Hillsboro),6,St. Vincent,49
2022-10-14,Park Hill,33,Staley,48
2022-10-14,El Dorado Springs,14,Stockton with Sheldon,30
2022-10-14,Owensville,0,Sullivan,26
2022-10-14,Pembroke Hill,34,Summit Christian Academy,7
2022-10-14,Francis Howell North,21,Timberland,61
2022-10-14,Gallatin with Tri-County,46,Trenton,6
2022-10-14,Ft. Zumwalt West,10,Troy Buchanan,45
2022-10-14,Capital City,49,Truman,6
2022-10-14,St. James,0,Union,46
2022-10-14,University Academy Charter with Ewing Marion Kauffman,0,Van Horn,23
2022-10-14,Louisiana,36,Van-Far,6
2022-10-14,Boonville,20,Versailles,21
2022-10-14,Orchard Farm,25,Warrenton,35
2022-10-14,Skyline with Macks Creek,6,Warsaw,27
2022-10-14,North Point,15,Washington,56
2022-10-14,Rolla,21,Waynesville,20
2022-10-14,North Platte,18,West Platte,7
2022-10-14,Marceline,13,Westran,12
2022-10-14,Grain Valley,40,William Chrisman,7
2022-10-14,Thayer,22,Willow Springs,21
2022-10-14,St. Clair,56,Windsor (Imperial),12
2022-10-15,East (Kansas City),50,Central (Kansas City),12
2022-10-15,Pattonville,20,Hazelwood Central,19
2022-10-15,Marquette,56,Hazelwood West,0
2022-10-15,Springfield Catholic,20,Hollister,26
2022-10-15,Hazelwood East,32,Jennings,0
2022-10-15,Vashon with Miller Career Academy,32,Lift for Life Academy Charter,26
2022-10-15,Rockwood Summit,62,McCluer North,7
2022-10-15,Affton,36,Normandy Collaborative,42
2022-10-15,Herculaneum,20,Perryville,22
2022-10-15,Principia with Whitfield,0,Priory,50
2022-10-15,John Burroughs,42,Roosevelt with Carnahan,14
2022-10-15,Confluence Prep Academy Charter with Grand Center Arts Charter,20,Salisbury,46
2022-10-15,Clayton,0,University City,21
2022-10-15,Vianney,8,Valle Catholic,49
2022-10-15,Duchesne,55,Westminster Christian Academy,0
2022-10-20,Willow Springs,7,Ava,50
2022-10-20,Ft. Zumwalt South,13,Francis Howell North,35
2022-10-20,Normandy Collaborative,30,Jennings,16
2022-10-20,Southeast,38,Northeast (Kansas City),0
2022-10-20,Stockton with Sheldon,28,Pierce City,34
2022-10-20,Central (New Madrid County),41,Portageville,30
2022-10-20,North County,13,Sullivan,34
2022-10-21,Clayton,41,Affton,40
2022-10-21,Bishop DuBourg with Hancock,21,Bayless,44
2022-10-21,Kearney,33,Belton,21
2022-10-21,Chillicothe,49,Benton,14
2022-10-21,Raymore-Peculiar,48,Blue Springs,61
2022-10-21,Kickapoo,12,Bolivar,7
2022-10-21,Eldon,24,Boonville,34
2022-10-21,Highland,6,Brookfield,34
2022-10-21,Warsaw,61,Buffalo,24
2022-10-21,Hallsville,38,California,41
2022-10-21,Glendale,37,Camdenton,35
2022-10-21,Kirksville,21,Capital City,68
2022-10-21,SLUH,0,Cardinal Ritter,44
2022-10-21,Clinton,8,Center,55
2022-10-21,Farmington,14,Central (Park Hills),48
2022-10-21,Truman,7,Central (St. Joseph),42
2022-10-21,Sikeston,14,Charleston,32
2022-10-21,Slater,19,Crest Ridge with Chilhowee,52
2022-10-21,Herculaneum,14,Crystal City,32
2022-10-21,Windsor (Imperial),44,Cuba,6
2022-10-21,Orchard Farm,35,DeSoto,14
2022-10-21,Clever,0,Diamond,43
2022-10-21,Scott City,54,Doniphan,0
2022-10-21,MICDS,44,Duchesne,33
2022-10-21,McDonald County,40,East Newton,14
2022-10-21,Fredericktown,26,East Prairie,24
2022-10-21,Fair Grove,30,El Dorado Springs,15
2022-10-21,Hazelwood Central,2,Eureka,39
2022-10-21,Ruskin,14,Excelsior Springs,41
2022-10-21,Fayette,36,Father Tolton,40
2022-10-21,Central (Springfield),57,Forsyth,11
2022-10-21,Oak Park,30,Fort Osage,35
2022-10-21,Rock Bridge,21,Francis Howell,59
2022-10-21,Washington,27,Francis Howell Central,30
2022-10-21,St. Charles West,38,Ft. Zumwalt East,10
2022-10-21,Ft. Zumwalt North,14,Ft. Zumwalt West,42
2022-10-21,Winfield with Elsberry,20,Fulton,28
2022-10-21,Raytown,14,Grain Valley,28
2022-10-21,Chaffee,21,Grandview (Hillsboro),26
2022-10-21,Battle with Columbia Independent,21,Hannibal,27
2022-10-21,Vianney,13,Helias Catholic,59
2022-10-21,Union,21,Hermann,14
2022-10-21,Parkview,40,Hillcrest,33
2022-10-21,Poplar Bluff,14,Hillsboro,48
2022-10-21,Lamar,41,Hollister,0
2022-10-21,Liberty (Mountain View),43,Houston,8
2022-10-21,Festus,0,Jackson,52
2022-10-21,St. Vincent,28,Jefferson (Festus),46
2022-10-21,Neosho,43,Joplin,68
2022-10-21,Valle Catholic,46,Kennett,16
2022-10-21,Hazelwood West,0,Kirkwood,61
2022-10-21,Holden,44,Knob Noster,6
2022-10-21,Fox,7,Ladue Horton Watkins,28
2022-10-21,Maryville,49,Lafayette (St. Joseph),14
2022-10-21,Lindbergh,17,Lafayette (Wildwood),14
2022-10-21,Carrollton,12,Lafayette County,79
2022-10-21,East Buchanan,41,Lawson,0
2022-10-21,Rolla,14,Lebanon,42
2022-10-21,Park Hill,34,Lee's Summit North,40
2022-10-21,Richmond,45,Lexington,0
2022-10-21,Blue Springs South,38,Liberty,14
2022-10-21,Troy Buchanan,70,Liberty (Wentzville),13
2022-10-21,Lee's Summit West,0,Liberty North,36
2022-10-21,Central (Kansas City),0,Lincoln College Prep,59
2022-10-21,Aurora,0,Logan-Rogersville,45
2022-10-21,Wright City,47,Louisiana,50
2022-10-21,St. Mary's South Side,51,Lutheran North,33
2022-10-21,Chaminade College Prep,28,Lutheran St. Charles,63
2022-10-21,Centralia,14,Macon,20
2022-10-21,Van-Far,8,Mark Twain,64
2022-10-21,Pattonville,14,Marquette,38
2022-10-21,Cameron,24,Marshall,7
2022-10-21,Milan,34,Maysville with Winston,26
2022-10-21,Warrenton,19,Mexico,33
2022-10-21,Plattsburg,6,Mid-Buchanan,63
2022-10-21,Cole Camp,50,Midway,6
2022-10-21,Marionville,42,Miller,6
2022-10-21,Jefferson City,58,Moberly,14
2022-10-21,Cassville,10,Monett,27
2022-10-21,Clark County,0,Monroe City,50
2022-10-21,South Callaway,28,Montgomery County,22
2022-10-21,Reeds Spring,35,Mt. Vernon,34
2022-10-21,Bowling Green,61,North Callaway,12
2022-10-21,Staley,37,North Kansas City,0
2022-10-21,Lathrop,14,North Platte,36
2022-10-21,Mehlville,13,Northwest (Cedar Hill),10
2022-10-21,Harrisonville,26,Odessa,29
2022-10-21,Versailles,0,Osage,52
2022-10-21,Nixa,51,Ozark,7
2022-10-21,St. James,12,Pacific,29
2022-10-21,Marceline,35,"Paris with Faith Walk, Madison",0
2022-10-21,Lee's Summit,31,Park Hill South,40
2022-10-21,Parkway North,30,Parkway Central,32
2022-10-21,Oakville,35,Parkway South,7
2022-10-21,Van Horn,28,Pembroke Hill,22
2022-10-21,West Platte,8,Penney,46
2022-10-21,William Chrisman,14,Platte County,42
2022-10-21,Putnam County,42,Polo,8
2022-10-21,Central (Cape Girardeau),34,Potosi,27
2022-10-21,Carl Junction,17,Republic,35
2022-10-21,Parkway West,21,Rockwood Summit,22
2022-10-21,Cabool,44,Salem,0
2022-10-21,Ash Grove,46,Sarcoxie,44
2022-10-21,St. Pius X (Kansas City),13,Savannah,28
2022-10-21,Harrisburg,56,Scotland County,6
2022-10-21,Webster Groves,6,Seckman,48
2022-10-21,Nevada,49,Seneca,14
2022-10-21,Strafford,62,Skyline with Macks Creek,14
2022-10-21,Hogan Prep Academy Charter,8,Smith-Cotton,47
2022-10-21,Grandview,8,Smithville,50
2022-10-21,Blair Oaks,63,Southern Boone,6
2022-10-21,Marshfield,38,Springfield Catholic,7
2022-10-21,North Point,20,St. Charles,55
2022-10-21,Owensville,6,St. Clair,21
2022-10-21,University Academy Charter with Ewing Marion Kauffman,0,St. Michael the Archangel,41
2022-10-21,Perryville,18,St. Pius X (Festus),27
2022-10-21,Kelly,14,Ste. Genevieve,42
2022-10-21,Pleasant Hill,63,Summit Christian Academy,14
2022-10-21,Mountain Grove,43,Thayer,6
2022-10-21,Holt,42,Timberland,35
2022-10-21,Adrian,16,Tipton,19
2022-10-21,South Harrison,0,Trenton,48
2022-10-21,Oak Grove,28,Warrensburg,42
2022-10-21,Branson,14,Webb City,56
2022-10-21,Lincoln,54,Wellington-Napoleon,14
2022-10-21,Waynesville,18,West Plains,43
2022-10-21,Salisbury,0,Westran,44
2022-10-21,Carthage,55,Willard,14
2022-10-21,Raytown South,31,Winnetonka,14
2022-10-22,Caruthersville,66,Hayti,28
2022-10-22,Riverview Gardens,0,Hazelwood East,62
2022-10-22,Priory,0,Lift for Life Academy Charter,40
2022-10-22,McCluer North,14,McCluer,34
2022-10-22,Confluence Prep Academy Charter with Grand Center Arts Charter,12,Principia with Whitfield,20
2022-10-22,Gateway,26,Roosevelt with Carnahan,20
2022-10-22,Vashon with Miller Career Academy,40,Soldan International Studies with Sumner,14
2022-10-22,Ritenour,48,University City,6
2022-10-22,St. Dominic,42,Westminster Christian Academy,7
2022-10-27,Polo,18,Mid-Buchanan,35
2022-10-27,Salisbury,14,Westran,16
2022-10-28,Caruthersville,8,Charleston,34
2022-10-28,Chaffee,7,Scott City,63
2022-10-28,Grandview (Hillsboro),6,St. Pius X (Festus),36
2022-10-28,Louisiana,28,Crystal City,24
2022-10-28,Marceline,29,Brookfield,30
2022-10-28,South Harrison,14,Putnam County,44
2022-10-28,Maysville with Winston,20,Milan,22
2022-10-28,Plattsburg,0,East Buchanan,68
2022-10-28,West Platte,15,Penney,20
2022-10-28,Carrollton,14,North Platte,46
2022-10-28,Miller,6,Marionville,56
2022-10-28,Thayer,33,Pierce City,20
2022-10-28,Diamond,0,Ash Grove,41
2022-10-28,Cabool,28,Sarcoxie,20
2022-10-28,Wellington-Napoleon,7,Windsor,28
2022-10-28,Crest Ridge with Chilhowee,0,Adrian,41
2022-10-28,Midway,6,Sherwood,36
2022-10-28,Slater,8,Lincoln,48
2022-10-28,Tipton,20,South Callaway,22
2022-10-28,Fayette,46,Russellville,8
2022-10-28,Harrisburg,28,Cole Camp,55
2022-10-28,"Paris with Faith Walk, Madison",6,Monroe City,62
2022-10-28,Scotland County,3,South Shelby,48
2022-10-28,Highland,32,Mark Twain,16
2022-10-28,Portageville,13,Hayti,0
2022-10-28,Brentwood,13,Van-Far,0
2022-10-28,John Burroughs,17,Jefferson (Festus),14
2022-10-28,North Callaway,38,Father Tolton,28
2022-10-28,Cuba,0,Hermann,68
2022-10-28,California,21,St. Francis Borgia,28
2022-10-28,Montgomery County,12,Clark County,33
2022-10-28,Palmyra,0,Hallsville,38
2022-10-28,Lawson,21,Trenton,14
2022-10-28,Lexington,0,Richmond,49
2022-10-28,Lathrop,8,Macon,35
2022-10-28,Ava,32,Strafford,39
2022-10-28,Doniphan,0,Mountain Grove,63
2022-10-28,Willow Springs,6,Houston,43
2022-10-28,East Newton,7,Hollister,37
2022-10-28,Clever,0,Mt. Vernon,65
2022-10-28,Springfield Catholic,21,Forsyth,22
2022-10-28,Skyline with Macks Creek,46,Stockton with Sheldon,47
2022-10-28,El Dorado Springs,0,Warsaw,21
2022-10-28,Versailles,14,Fair Grove,48
2022-10-28,Pembroke Hill,44,Knob Noster,0
2022-10-28,Potosi,19,Kennett,26
2022-10-28,Fredericktown,15,Central (Park Hills),69
2022-10-28,Dexter,17,Ste. Genevieve,56
2022-10-28,Roosevelt with Carnahan,34,Lutheran South,21
2022-10-28,Bayless,24,Herculaneum,28
2022-10-28,Oak Grove,56,Northeast (Kansas City),12
2022-10-28,Summit Christian Academy,16,Odessa,70
2022-10-28,Cameron,6,St. Pius X (Kansas City),49
2022-10-28,Lafayette (St. Joseph),20,Savannah,64
2022-10-28,Benton,26,Chillicothe,40
2022-10-28,Orchard Farm,0,Lutheran North,41
2022-10-28,St. James,20,Principia with Whitfield,14
2022-10-28,Salem,0,Sullivan,48
2022-10-28,Westminster Christian Academy,16,Owensville,47
2022-10-28,Eldon,6,Southern Boone,38
2022-10-28,Fulton,25,Boonville,28
2022-10-28,Aurora,21,Cassville,24
2022-10-28,Clinton,37,Buffalo,34
2022-10-28,Perryville,0,Farmington,49
2022-10-28,DeSoto,12,North County,52
2022-10-28,Sikeston,14,Festus,61
2022-10-28,Windsor (Imperial),20,Gateway,26
2022-10-28,Pacific,14,Rockwood Summit,68
2022-10-28,Affton,15,Union,57
2022-10-28,Carl Junction,42,Grandview,13
2022-10-28,Warrensburg,25,Lincoln College Prep,35
2022-10-28,Harrisonville,21,Nevada,42
2022-10-28,Marshall,0,Excelsior Springs,46
2022-10-28,Winnetonka,0,Van Horn,22
2022-10-28,Clayton,29,Jennings,8
2022-10-28,Soldan International Studies with Sumner,14,Parkway North,59
2022-10-28,St. Charles,14,Ft. Zumwalt East,44
2022-10-28,North Point,25,Warrenton,33
2022-10-28,Winfield with Elsberry,0,Kirksville,59
2022-10-28,Monett,36,Logan-Rogersville,22
2022-10-28,Hillcrest,0,Bolivar,42
2022-10-28,McDonald County,7,Marshfield,6
2022-10-28,Smithville,13,East (Kansas City),0
2022-10-28,Fox,0,Poplar Bluff,30
2022-10-28,Webster Groves,0,Oakville,42
2022-10-28,Mehlville,7,Central (Cape Girardeau),62
2022-10-28,Parkway West,44,Ladue Horton Watkins,7
2022-10-28,Parkway South,14,Lafayette (Wildwood),35
2022-10-28,Smith-Cotton,21,Belton,47
2022-10-28,Truman,6,Raytown,42
2022-10-28,Ruskin,13,Raytown South,32
2022-10-28,Central (St. Joseph),28,North Kansas City,34
2022-10-28,William Chrisman,23,Platte County,54
2022-10-28,Riverview Gardens,12,Francis Howell North,58
2022-10-28,Ft. Zumwalt South,0,Ft. Zumwalt West,58
2022-10-28,Francis Howell Central,0,Ft. Zumwalt North,35
2022-10-28,Washington,19,Timberland,42
2022-10-28,Liberty (Wentzville),13,Helias Catholic,55
2022-10-28,Battle with Columbia Independent,34,Capital City,14
2022-10-28,Rolla,27,Glendale,25
2022-10-28,Branson,0,Lebanon,40
2022-10-28,Waynesville,18,Central (Springfield),0
2022-10-28,Willard,43,Neosho,29
2022-10-28,Parkview,8,Republic,52
2022-10-28,Vianney,6,Christian Brothers College,57
2022-10-28,Lindbergh,10,Kirkwood,52
2022-10-28,Northwest (Cedar Hill),0,Marquette,54
2022-10-28,SLUH,41,Seckman,50
2022-10-28,Blue Springs,7,Liberty North,37
2022-10-28,Liberty,14,Blue Springs South,42
2022-10-28,Park Hill South,50,Staley,40
2022-10-28,Park Hill,49,Rockhurst,42
2022-10-28,Hazelwood West,0,Troy Buchanan,70
2022-10-28,De Smet Jesuit,56,Ritenour,35
2022-10-28,Hickman,0,Rock Bridge,42
2022-10-28,Hazelwood Central,20,Pattonville,15
2022-10-28,Ozark,7,Nixa,35
2022-10-28,Raymore-Peculiar,56,Joplin,42
2022-10-28,Lee's Summit,17,Lee's Summit North,35
2022-10-28,Lee's Summit West,21,Kickapoo,10
2022-10-29,East Prairie,0,Lift for Life Academy Charter,66
2022-10-29,Kelly,13,Priory,26
2022-10-29,Southeast,7,Hogan Prep Academy Charter,42
2022-10-29,Bishop DuBourg with Hancock,26,University City,61
2022-10-29,Central (Kansas City),0,University Academy Charter with Ewing Marion Kauffman,70
2022-10-29,Wright City,42,Normandy Collaborative,32
2022-10-29,Confluence Prep Academy Charter with Grand Center Arts Charter,0,Vashon with Miller Career Academy,70
2022-10-29,McCluer North,0,McCluer,30
2022-10-29,Chaminade College Prep,14,MICDS,55
2022-11-04,Charleston,42,St. Vincent,21
2022-11-04,Portageville,38,Scott City,35
2022-11-04,St. Pius X (Festus),0,Duchesne,55
2022-11-04,Louisiana,12,Brentwood,21
2022-11-04,Brookfield,6,Gallatin with Tri-County,42
2022-11-04,Milan,0,Putnam County,26
2022-11-04,Penney,0,East Buchanan,40
2022-11-04,North Platte,6,Mid-Buchanan,41
2022-11-04,Cabool,34,Ash Grove,16
2022-11-04,Westran,18,Monroe City,58
2022-11-04,Highland,0,South Shelby,42
2022-11-04,John Burroughs,0,Central (New Madrid County),48
2022-11-04,North Callaway,14,Blair Oaks,71
2022-11-04,St. Francis Borgia,40,Hermann,21
2022-11-04,Clark County,6,Bowling Green,67
2022-11-04,Hallsville,22,Centralia,8
2022-11-04,Lawson,0,Lafayette County,46
2022-11-04,Macon,6,Richmond,18
2022-11-04,Strafford,6,Liberty (Mountain View),47
2022-11-04,Houston,6,Mountain Grove,28
2022-11-04,Forsyth,15,Mt. Vernon,42
2022-11-04,Pembroke Hill,26,St. Michael the Archangel,0
2022-11-04,Kennett,6,Valle Catholic,58
2022-11-04,Ste. Genevieve,0,Central (Park Hills),35
2022-11-04,Roosevelt with Carnahan,0,Cardinal Ritter,64
2022-11-04,Oak Grove,24,Pleasant Hill,53
2022-11-04,St. Pius X (Kansas City),21,Maryville,38
2022-11-04,Chillicothe,7,Savannah,42
2022-11-04,Wright City,7,St. Charles West,28
2022-11-04,Lutheran North,37,Lutheran St. Charles,21
2022-11-04,St. James,6,St. Clair,42
2022-11-04,Owensville,7,Sullivan,36
2022-11-04,Southern Boone,20,Moberly,21
2022-11-04,Boonville,27,Mexico,13
2022-11-04,Clinton,6,Osage,47
2022-11-04,Farmington,0,Hillsboro,57
2022-11-04,Festus,28,North County,15
2022-11-04,Gateway,6,St. Mary's South Side,69
2022-11-04,Union,26,Rockwood Summit,59
2022-11-04,Carl Junction,6,Center,33
2022-11-04,Nevada,43,Lincoln College Prep,7
2022-11-04,Excelsior Springs,22,Kearney,63
2022-11-04,Van Horn,0,Smithville,32
2022-11-04,Clayton,0,Parkway Central,42
2022-11-04,Parkway North,25,Vashon with Miller Career Academy,32
2022-11-04,Ft. Zumwalt East,0,St. Dominic,41
2022-11-04,Warrenton,7,Hannibal,62
2022-11-04,Kirksville,21,Jefferson City,43
2022-11-04,Monett,13,West Plains,35
2022-11-04,McDonald County,7,Bolivar,21
2022-11-04,Poplar Bluff,21,Jackson,20
2022-11-04,Central (Cape Girardeau),25,Oakville,12
2022-11-04,Parkway West,7,Eureka,32
2022-11-04,Belton,6,Grain Valley,37
2022-11-04,Raytown South,12,Raytown,49
2022-11-04,North Kansas City,7,Fort Osage,42
2022-11-04,Platte County,21,Oak Park,33
2022-11-04,Francis Howell North,12,Francis Howell,56
2022-11-04,Ft. Zumwalt North,45,Ft. Zumwalt West,28
2022-11-04,Timberland,21,Holt,0
2022-11-04,Battle with Columbia Independent,14,Helias Catholic,45
2022-11-04,Waynesville,12,Lebanon,53
2022-11-04,Kirkwood,3,Christian Brothers College,41
2022-11-04,Seckman,14,Marquette,42
2022-11-04,Blue Springs South,6,Liberty North,37
2022-11-04,Park Hill,22,Park Hill South,28
2022-11-04,De Smet Jesuit,32,Troy Buchanan,17
2022-11-04,Hazelwood Central,6,Rock Bridge,28
2022-11-04,Raymore-Peculiar,15,Nixa,27
2022-11-04,Lee's Summit West,7,Lee's Summit North,20
2022-11-05,Thayer,8,Marionville,34
2022-11-05,Windsor,8,Butler,30
2022-11-05,Sherwood,0,Adrian,41
2022-11-05,South Callaway,14,Lincoln,34
2022-11-05,Cole Camp,52,Fayette,14
2022-11-05,Priory,7,Lift for Life Academy Charter,34
2022-11-05,Hollister,0,Seneca,42
2022-11-05,Stockton with Sheldon,10,Lamar,56
2022-11-05,Fair Grove,22,Warsaw,14
2022-11-05,Hogan Prep Academy Charter,12,Holden,52
2022-11-05,Herculaneum,14,University City,20
2022-11-05,Odessa,55,University Academy Charter with Ewing Marion Kauffman,12
2022-11-05,Cassville,7,Reeds Spring,14
2022-11-05,McCluer,6,Hazelwood East,12
2022-11-05,Lafayette (Wildwood),46,MICDS,60
2022-11-05,Rolla,6,Camdenton,42
2022-11-05,Willard,21,Carthage,41
2022-11-05,Republic,30,Webb City,21
2022-11-11,Portageville,58,Charleston,16
2022-11-11,Brentwood,18,Duchesne,38
2022-11-11,Putnam County,7,Gallatin with Tri-County,21
2022-11-11,Mid-Buchanan,0,East Buchanan,21
2022-11-11,Cabool,16,Marionville,46
2022-11-11,Adrian,29,Butler,18
2022-11-11,Cole Camp,20,Lincoln,38
2022-11-11,South Shelby,18,Monroe City,52
2022-11-11,Lift for Life Academy Charter,66,Central (New Madrid County),26
2022-11-11,St. Francis Borgia,14,Blair Oaks,54
2022-11-11,Hallsville,8,Bowling Green,57
2022-11-11,Richmond,6,Lafayette County,7
2022-11-11,Mountain Grove,6,Liberty (Mountain View),42
2022-11-11,Mt. Vernon,21,Seneca,25
2022-11-11,Fair Grove,6,Lamar,56
2022-11-11,Holden,32,Pembroke Hill,25
2022-11-11,Central (Park Hills),30,Valle Catholic,21
2022-11-11,University City,8,Cardinal Ritter,54
2022-11-11,Odessa,7,Pleasant Hill,35
2022-11-11,Savannah,28,Maryville,33
2022-11-11,Lutheran North,7,St. Charles West,24
2022-11-11,Sullivan,14,St. Clair,13
2022-11-11,Boonville,28,Moberly,13
2022-11-11,Osage,6,Reeds Spring,35
2022-11-11,Festus,6,Hillsboro,55
2022-11-11,Rockwood Summit,3,St. Mary's South Side,48
2022-11-11,Nevada,13,Center,35
2022-11-11,Smithville,49,Kearney,13
2022-11-11,Vashon with Miller Career Academy,7,Parkway Central,17
2022-11-11,Jefferson City,21,Hannibal,42
2022-11-11,Bolivar,0,West Plains,45
2022-11-11,Central (Cape Girardeau),22,Poplar Bluff,16
2022-11-11,MICDS,34,Eureka,14
2022-11-11,Raytown,0,Grain Valley,43
2022-11-11,Oak Park,25,Fort Osage,44
2022-11-11,Ft. Zumwalt North,7,Francis Howell,42
2022-11-11,Helias Catholic,24,Timberland,41
2022-11-11,Lebanon,55,Camdenton,14
2022-11-11,Republic,14,Carthage,28
2022-11-11,Marquette,7,Christian Brothers College,42
2022-11-11,Park Hill South,7,Liberty North,34
2022-11-11,Rock Bridge,21,De Smet Jesuit,44
2022-11-11,Lee's Summit North,24,Nixa,10
2022-11-12,St. Dominic,31,Hazelwood East,12
2022-11-18,Sullivan,24,St. Charles West,10
2022-11-18,West Plains,29,Hannibal,14
2022-11-18,Fort Osage,29,Grain Valley,10
2022-11-18,Timberland,18,Francis Howell,49
2022-11-18,Lee's Summit North,33,De Smet Jesuit,6
2022-11-19,Duchesne,35,Portageville,22
2022-11-19,East Buchanan,14,Gallatin with Tri-County,6
2022-11-19,Adrian,26,Marionville,14
2022-11-19,Monroe City,26,Lincoln,12
2022-11-19,Blair Oaks,42,Lift for Life Academy Charter,0
2022-11-19,Lafayette County,22,Bowling Green,30
2022-11-19,Seneca,28,Liberty (Mountain View),14
2022-11-19,Holden,0,Lamar,54
2022-11-19,Cardinal Ritter,36,Central (Park Hills),22
2022-11-19,Maryville,28,Pleasant Hill,43
2022-11-19,Reeds Spring,21,Boonville,7
2022-11-19,St. Mary's South Side,55,Hillsboro,34
2022-11-19,Smithville,20,Center,0
2022-11-19,St. Dominic,29,Parkway Central,0
2022-11-19,MICDS,10,Central (Cape Girardeau),14
2022-11-19,Carthage,35,Lebanon,14
2022-11-19,Liberty North,21,Christian Brothers College,46
2022-11-24,Kirkwood,56,Webster Groves,7
2022-11-26,East Buchanan,41,Duchesne,14
2022-11-26,Monroe City,16,Adrian,32
2022-11-26,Bowling Green,48,Blair Oaks,66
2022-11-26,Lamar,56,Seneca,14
2022-11-26,Pleasant Hill,35,Cardinal Ritter,54
2022-11-26,Reeds Spring,49,Sullivan,20
2022-11-26,Smithville,23,St. Mary's South Side,37
2022-11-26,West Plains,14,St. Dominic,42
2022-11-26,Fort Osage,56,Central (Cape Girardeau),20
2022-11-26,Carthage,13,Francis Howell,35
2022-11-26,Lee's Summit North,28,Christian Brothers College,35
2022-12-02,Lamar,27,Blair Oaks,32
2022-12-02,St. Dominic,0,St. Mary's South Side,42
2022-12-02,Francis Howell,49,Fort Osage,21
2022-12-03,Adrian,0,East Buchanan,42
2022-12-03,Reeds Spring,7,Cardinal Ritter,46
